"","Point.Forecast","Lo.80","Hi.80","Lo.95","Hi.95"
"17",49.1384895908971,44.8625079145922,53.4144712672021,42.598939946986,55.6780392348083
"18",49.1384895908971,44.8625079145922,53.4144712672021,42.598939946986,55.6780392348083
"19",49.1384895908971,44.8625079145922,53.4144712672021,42.598939946986,55.6780392348083
"20",49.1384895908971,44.8625079145922,53.4144712672021,42.598939946986,55.6780392348083
"21",49.1384895908971,44.8625079145922,53.4144712672021,42.598939946986,55.6780392348083
"22",49.1384895908971,44.8625079145922,53.4144712672021,42.598939946986,55.6780392348083
"23",49.1384895908971,44.8625079145922,53.4144712672021,42.598939946986,55.6780392348083
